OBJECTID *,Shape *,Lat,Long,S1,S2,S3,S4
1,Point,43.1249,-70.87,43,49,70,00
2,Point,43.125,-70.87,43,50,70,00
3,Point,43.1251,-70.87,43,51,70,00
4,Point,43.1252,-70.87,43,52,70,00
5,Point,43.1253,-70.87,43,53,70,00
6,Point,43.1254,-70.87,43,54,70,00
7,Point,43.1255,-70.87,43,55,70,00
8,Point,43.1256,-70.87,43,56,70,00
9,Point,43.125,-70.8701,43,50,70,01
10,Point,43.1251,-70.8701,43,51,70,01
11,Point,43.1252,-70.8701,43,52,70,01
12,Point,43.1253,-70.8701,43,53,70,01
13,Point,43.1254,-70.8701,43,54,70,01
14,Point,43.1255,-70.8701,43,55,70,01
15,Point,43.1256,-70.8701,43,56,70,01
16,Point,43.1251,-70.8702,43,51,70,02
17,Point,43.1252,-70.8702,43,52,70,02
18,Point,43.1253,-70.8702,43,53,70,02
19,Point,43.1254,-70.8702,43,54,70,02
20,Point,43.1255,-70.8702,43,55,70,02
21,Point,43.1256,-70.8702,43,56,70,02
22,Point,43.1251,-70.8703,43,51,70,03
23,Point,43.1252,-70.8703,43,52,70,03
24,Point,43.1253,-70.8703,43,53,70,03
25,Point,43.1254,-70.8703,43,54,70,03
26,Point,43.1255,-70.8703,43,55,70,03
27,Point,43.1256,-70.8703,43,56,70,03
28,Point,43.1251,-70.8704,43,51,70,04
29,Point,43.1252,-70.8704,43,52,70,04
30,Point,43.1253,-70.8704,43,53,70,04
31,Point,43.1254,-70.8704,43,54,70,04
32,Point,43.1255,-70.8704,43,55,70,04
33,Point,43.1256,-70.8704,43,56,70,04
34,Point,43.1251,-70.8705,43,51,70,05
35,Point,43.1252,-70.8705,43,52,70,05
36,Point,43.1253,-70.8705,43,53,70,05
37,Point,43.1254,-70.8705,43,54,70,05
38,Point,43.1255,-70.8705,43,55,70,05
39,Point,43.1256,-70.8705,43,56,70,05
40,Point,43.1252,-70.8706,43,52,70,06
41,Point,43.1253,-70.8706,43,53,70,06
42,Point,43.1254,-70.8706,43,54,70,06
43,Point,43.1255,-70.8706,43,55,70,06
44,Point,43.1256,-70.8706,43,56,70,06
45,Point,43.1252,-70.8707,43,52,70,07
46,Point,43.1253,-70.8707,43,53,70,07
47,Point,43.1254,-70.8707,43,54,70,07
48,Point,43.1255,-70.8707,43,55,70,07
49,Point,43.1256,-70.8707,43,56,70,07
50,Point,43.1255,-70.8708,43,55,70,08
51,Point,43.1256,-70.8708,43,56,70,08
52,Point,43.1255,-70.8709,43,55,70,09
53,Point,43.1256,-70.8709,43,56,70,09
54,Point,43.1255,-70.8721,43,55,70,21
55,Point,43.1256,-70.8721,43,56,70,21
56,Point,43.1257,-70.8721,43,57,70,21
57,Point,43.1258,-70.8721,43,58,70,21
58,Point,43.1263,-70.8721,43,63,70,21
59,Point,43.1264,-70.8721,43,64,70,21
60,Point,43.1255,-70.8722,43,55,70,22
61,Point,43.1256,-70.8722,43,56,70,22
62,Point,43.1257,-70.8722,43,57,70,22
63,Point,43.1258,-70.8722,43,58,70,22
64,Point,43.1263,-70.8722,43,63,70,22
65,Point,43.1264,-70.8722,43,64,70,22
66,Point,43.1255,-70.8723,43,55,70,23
67,Point,43.1256,-70.8723,43,56,70,23
68,Point,43.1257,-70.8723,43,57,70,23
69,Point,43.1258,-70.8723,43,58,70,23
70,Point,43.1263,-70.8723,43,63,70,23
71,Point,43.1264,-70.8723,43,64,70,23
72,Point,43.1255,-70.8724,43,55,70,24
73,Point,43.1256,-70.8724,43,56,70,24
74,Point,43.1257,-70.8724,43,57,70,24
75,Point,43.1258,-70.8724,43,58,70,24
76,Point,43.1259,-70.8724,43,59,70,24
77,Point,43.126,-70.8724,43,60,70,24
78,Point,43.1261,-70.8724,43,61,70,24
79,Point,43.1262,-70.8724,43,62,70,24
80,Point,43.1263,-70.8724,43,63,70,24
81,Point,43.1264,-70.8724,43,64,70,24
82,Point,43.1255,-70.8725,43,55,70,25
83,Point,43.1256,-70.8725,43,56,70,25
84,Point,43.1257,-70.8725,43,57,70,25
85,Point,43.1258,-70.8725,43,58,70,25
86,Point,43.1259,-70.8725,43,59,70,25
87,Point,43.126,-70.8725,43,60,70,25
88,Point,43.1261,-70.8725,43,61,70,25
89,Point,43.1262,-70.8725,43,62,70,25
90,Point,43.1263,-70.8725,43,63,70,25
91,Point,43.1264,-70.8725,43,64,70,25
92,Point,43.1251,-70.8726,43,51,70,26
93,Point,43.1252,-70.8726,43,52,70,26
94,Point,43.1253,-70.8726,43,53,70,26
95,Point,43.1254,-70.8726,43,54,70,26
96,Point,43.1255,-70.8726,43,55,70,26
97,Point,43.1256,-70.8726,43,56,70,26
98,Point,43.1257,-70.8726,43,57,70,26
99,Point,43.1258,-70.8726,43,58,70,26
100,Point,43.1259,-70.8726,43,59,70,26
101,Point,43.126,-70.8726,43,60,70,26
102,Point,43.1261,-70.8726,43,61,70,26
103,Point,43.1262,-70.8726,43,62,70,26
104,Point,43.1263,-70.8726,43,63,70,26
105,Point,43.1264,-70.8726,43,64,70,26
106,Point,43.1265,-70.8726,43,65,70,26
107,Point,43.1266,-70.8726,43,66,70,26
108,Point,43.1267,-70.8726,43,67,70,26
109,Point,43.1268,-70.8726,43,68,70,26
110,Point,43.1251,-70.8727,43,51,70,27
111,Point,43.1252,-70.8727,43,52,70,27
112,Point,43.1253,-70.8727,43,53,70,27
113,Point,43.1254,-70.8727,43,54,70,27
114,Point,43.1255,-70.8727,43,55,70,27
115,Point,43.1256,-70.8727,43,56,70,27
116,Point,43.1257,-70.8727,43,57,70,27
117,Point,43.1258,-70.8727,43,58,70,27
118,Point,43.1259,-70.8727,43,59,70,27
119,Point,43.126,-70.8727,43,60,70,27
120,Point,43.1261,-70.8727,43,61,70,27
121,Point,43.1262,-70.8727,43,62,70,27
122,Point,43.1263,-70.8727,43,63,70,27
123,Point,43.1264,-70.8727,43,64,70,27
124,Point,43.1265,-70.8727,43,65,70,27
125,Point,43.1266,-70.8727,43,66,70,27
126,Point,43.1267,-70.8727,43,67,70,27
127,Point,43.1268,-70.8727,43,68,70,27
128,Point,43.1251,-70.8728,43,51,70,28
129,Point,43.1252,-70.8728,43,52,70,28
130,Point,43.1253,-70.8728,43,53,70,28
131,Point,43.1254,-70.8728,43,54,70,28
132,Point,43.1255,-70.8728,43,55,70,28
133,Point,43.1256,-70.8728,43,56,70,28
134,Point,43.1257,-70.8728,43,57,70,28
135,Point,43.1258,-70.8728,43,58,70,28
136,Point,43.1259,-70.8728,43,59,70,28
137,Point,43.126,-70.8728,43,60,70,28
138,Point,43.1261,-70.8728,43,61,70,28
139,Point,43.1262,-70.8728,43,62,70,28
140,Point,43.1263,-70.8728,43,63,70,28
141,Point,43.1264,-70.8728,43,64,70,28
142,Point,43.1265,-70.8728,43,65,70,28
143,Point,43.1266,-70.8728,43,66,70,28
144,Point,43.1267,-70.8728,43,67,70,28
145,Point,43.1268,-70.8728,43,68,70,28
146,Point,43.1247,-70.8729,43,47,70,29
147,Point,43.1248,-70.8729,43,48,70,29
148,Point,43.1249,-70.8729,43,49,70,29
149,Point,43.125,-70.8729,43,50,70,29
150,Point,43.1251,-70.8729,43,51,70,29
151,Point,43.1252,-70.8729,43,52,70,29
152,Point,43.1253,-70.8729,43,53,70,29
153,Point,43.1254,-70.8729,43,54,70,29
154,Point,43.1255,-70.8729,43,55,70,29
155,Point,43.1256,-70.8729,43,56,70,29
156,Point,43.1257,-70.8729,43,57,70,29
157,Point,43.1258,-70.8729,43,58,70,29
158,Point,43.1259,-70.8729,43,59,70,29
159,Point,43.126,-70.8729,43,60,70,29
160,Point,43.1261,-70.8729,43,61,70,29
161,Point,43.1262,-70.8729,43,62,70,29
162,Point,43.1263,-70.8729,43,63,70,29
163,Point,43.1264,-70.8729,43,64,70,29
164,Point,43.1265,-70.8729,43,65,70,29
165,Point,43.1266,-70.8729,43,66,70,29
166,Point,43.1267,-70.8729,43,67,70,29
167,Point,43.1268,-70.8729,43,68,70,29
168,Point,43.1247,-70.873,43,47,70,30
169,Point,43.1248,-70.873,43,48,70,30
170,Point,43.1249,-70.873,43,49,70,30
171,Point,43.125,-70.873,43,50,70,30
172,Point,43.1251,-70.873,43,51,70,30
173,Point,43.1252,-70.873,43,52,70,30
174,Point,43.1253,-70.873,43,53,70,30
175,Point,43.1254,-70.873,43,54,70,30
176,Point,43.1255,-70.873,43,55,70,30
177,Point,43.1256,-70.873,43,56,70,30
178,Point,43.1257,-70.873,43,57,70,30
179,Point,43.1258,-70.873,43,58,70,30
180,Point,43.1259,-70.873,43,59,70,30
181,Point,43.126,-70.873,43,60,70,30
182,Point,43.1261,-70.873,43,61,70,30
183,Point,43.1262,-70.873,43,62,70,30
184,Point,43.1263,-70.873,43,63,70,30
185,Point,43.1264,-70.873,43,64,70,30
186,Point,43.1265,-70.873,43,65,70,30
187,Point,43.1266,-70.873,43,66,70,30
188,Point,43.1267,-70.873,43,67,70,30
189,Point,43.1268,-70.873,43,68,70,30
190,Point,43.1247,-70.8731,43,47,70,31
191,Point,43.1248,-70.8731,43,48,70,31
192,Point,43.1249,-70.8731,43,49,70,31
193,Point,43.125,-70.8731,43,50,70,31
194,Point,43.1251,-70.8731,43,51,70,31
195,Point,43.1252,-70.8731,43,52,70,31
196,Point,43.1253,-70.8731,43,53,70,31
197,Point,43.1254,-70.8731,43,54,70,31
198,Point,43.1255,-70.8731,43,55,70,31
199,Point,43.1256,-70.8731,43,56,70,31
200,Point,43.1257,-70.8731,43,57,70,31
201,Point,43.1258,-70.8731,43,58,70,31
202,Point,43.1259,-70.8731,43,59,70,31
203,Point,43.126,-70.8731,43,60,70,31
204,Point,43.1261,-70.8731,43,61,70,31
205,Point,43.1262,-70.8731,43,62,70,31
206,Point,43.1263,-70.8731,43,63,70,31
207,Point,43.1264,-70.8731,43,64,70,31
208,Point,43.1265,-70.8731,43,65,70,31
209,Point,43.1266,-70.8731,43,66,70,31
210,Point,43.1267,-70.8731,43,67,70,31
211,Point,43.1268,-70.8731,43,68,70,31
212,Point,43.1247,-70.8732,43,47,70,32
213,Point,43.1248,-70.8732,43,48,70,32
214,Point,43.1251,-70.8732,43,51,70,32
215,Point,43.1252,-70.8732,43,52,70,32
216,Point,43.1253,-70.8732,43,53,70,32
217,Point,43.1254,-70.8732,43,54,70,32
218,Point,43.1255,-70.8732,43,55,70,32
219,Point,43.1256,-70.8732,43,56,70,32
220,Point,43.1257,-70.8732,43,57,70,32
221,Point,43.1258,-70.8732,43,58,70,32
222,Point,43.1259,-70.8732,43,59,70,32
223,Point,43.126,-70.8732,43,60,70,32
224,Point,43.1261,-70.8732,43,61,70,32
225,Point,43.1262,-70.8732,43,62,70,32
226,Point,43.1263,-70.8732,43,63,70,32
227,Point,43.1264,-70.8732,43,64,70,32
228,Point,43.1265,-70.8732,43,65,70,32
229,Point,43.1266,-70.8732,43,66,70,32
230,Point,43.1247,-70.8733,43,47,70,33
231,Point,43.1248,-70.8733,43,48,70,33
232,Point,43.1251,-70.8733,43,51,70,33
233,Point,43.1252,-70.8733,43,52,70,33
234,Point,43.1253,-70.8733,43,53,70,33
235,Point,43.1254,-70.8733,43,54,70,33
236,Point,43.1255,-70.8733,43,55,70,33
237,Point,43.1256,-70.8733,43,56,70,33
238,Point,43.1257,-70.8733,43,57,70,33
239,Point,43.1258,-70.8733,43,58,70,33
240,Point,43.1259,-70.8733,43,59,70,33
241,Point,43.126,-70.8733,43,60,70,33
242,Point,43.1261,-70.8733,43,61,70,33
243,Point,43.1262,-70.8733,43,62,70,33
244,Point,43.1263,-70.8733,43,63,70,33
245,Point,43.1264,-70.8733,43,64,70,33
246,Point,43.1265,-70.8733,43,65,70,33
247,Point,43.1266,-70.8733,43,66,70,33
248,Point,43.1247,-70.8734,43,47,70,34
249,Point,43.1248,-70.8734,43,48,70,34
250,Point,43.1251,-70.8734,43,51,70,34
251,Point,43.1252,-70.8734,43,52,70,34
252,Point,43.1253,-70.8734,43,53,70,34
253,Point,43.1254,-70.8734,43,54,70,34
254,Point,43.1255,-70.8734,43,55,70,34
255,Point,43.1256,-70.8734,43,56,70,34
256,Point,43.1257,-70.8734,43,57,70,34
257,Point,43.1258,-70.8734,43,58,70,34
258,Point,43.1259,-70.8734,43,59,70,34
259,Point,43.126,-70.8734,43,60,70,34
260,Point,43.1261,-70.8734,43,61,70,34
261,Point,43.1262,-70.8734,43,62,70,34
262,Point,43.1263,-70.8734,43,63,70,34
263,Point,43.1264,-70.8734,43,64,70,34
264,Point,43.1265,-70.8734,43,65,70,34
265,Point,43.1266,-70.8734,43,66,70,34
266,Point,43.1246,-70.8735,43,46,70,35
267,Point,43.1247,-70.8735,43,47,70,35
268,Point,43.1248,-70.8735,43,48,70,35
269,Point,43.1251,-70.8735,43,51,70,35
270,Point,43.1252,-70.8735,43,52,70,35
271,Point,43.1253,-70.8735,43,53,70,35
272,Point,43.1254,-70.8735,43,54,70,35
273,Point,43.1255,-70.8735,43,55,70,35
274,Point,43.1256,-70.8735,43,56,70,35
275,Point,43.1257,-70.8735,43,57,70,35
276,Point,43.1258,-70.8735,43,58,70,35
277,Point,43.1259,-70.8735,43,59,70,35
278,Point,43.126,-70.8735,43,60,70,35
279,Point,43.1261,-70.8735,43,61,70,35
280,Point,43.1262,-70.8735,43,62,70,35
281,Point,43.1263,-70.8735,43,63,70,35
282,Point,43.1264,-70.8735,43,64,70,35
283,Point,43.1265,-70.8735,43,65,70,35
284,Point,43.1266,-70.8735,43,66,70,35
285,Point,43.1246,-70.8736,43,46,70,36
286,Point,43.1247,-70.8736,43,47,70,36
287,Point,43.1248,-70.8736,43,48,70,36
288,Point,43.1251,-70.8736,43,51,70,36
289,Point,43.1252,-70.8736,43,52,70,36
290,Point,43.1253,-70.8736,43,53,70,36
291,Point,43.1254,-70.8736,43,54,70,36
292,Point,43.1255,-70.8736,43,55,70,36
293,Point,43.1256,-70.8736,43,56,70,36
294,Point,43.1257,-70.8736,43,57,70,36
295,Point,43.1258,-70.8736,43,58,70,36
296,Point,43.1259,-70.8736,43,59,70,36
297,Point,43.126,-70.8736,43,60,70,36
298,Point,43.1261,-70.8736,43,61,70,36
299,Point,43.1262,-70.8736,43,62,70,36
300,Point,43.1263,-70.8736,43,63,70,36
301,Point,43.1264,-70.8736,43,64,70,36
302,Point,43.1265,-70.8736,43,65,70,36
303,Point,43.1266,-70.8736,43,66,70,36
304,Point,43.1246,-70.8737,43,46,70,37
305,Point,43.1247,-70.8737,43,47,70,37
306,Point,43.1248,-70.8737,43,48,70,37
307,Point,43.1251,-70.8737,43,51,70,37
308,Point,43.1252,-70.8737,43,52,70,37
309,Point,43.1255,-70.8737,43,55,70,37
310,Point,43.1256,-70.8737,43,56,70,37
311,Point,43.1257,-70.8737,43,57,70,37
312,Point,43.1258,-70.8737,43,58,70,37
313,Point,43.1259,-70.8737,43,59,70,37
314,Point,43.126,-70.8737,43,60,70,37
315,Point,43.1261,-70.8737,43,61,70,37
316,Point,43.1262,-70.8737,43,62,70,37
317,Point,43.1263,-70.8737,43,63,70,37
318,Point,43.1264,-70.8737,43,64,70,37
319,Point,43.1265,-70.8737,43,65,70,37
320,Point,43.1266,-70.8737,43,66,70,37
321,Point,43.1267,-70.8737,43,67,70,37
322,Point,43.1268,-70.8737,43,68,70,37
323,Point,43.1269,-70.8737,43,69,70,37
324,Point,43.127,-70.8737,43,70,70,37
325,Point,43.1273,-70.8737,43,73,70,37
326,Point,43.1274,-70.8737,43,74,70,37
327,Point,43.1246,-70.8738,43,46,70,38
328,Point,43.1247,-70.8738,43,47,70,38
329,Point,43.1248,-70.8738,43,48,70,38
330,Point,43.1251,-70.8738,43,51,70,38
331,Point,43.1252,-70.8738,43,52,70,38
332,Point,43.1255,-70.8738,43,55,70,38
333,Point,43.1256,-70.8738,43,56,70,38
334,Point,43.1257,-70.8738,43,57,70,38
335,Point,43.1258,-70.8738,43,58,70,38
336,Point,43.1259,-70.8738,43,59,70,38
337,Point,43.126,-70.8738,43,60,70,38
338,Point,43.1261,-70.8738,43,61,70,38
339,Point,43.1262,-70.8738,43,62,70,38
340,Point,43.1263,-70.8738,43,63,70,38
341,Point,43.1264,-70.8738,43,64,70,38
342,Point,43.1265,-70.8738,43,65,70,38
343,Point,43.1266,-70.8738,43,66,70,38
344,Point,43.1267,-70.8738,43,67,70,38
345,Point,43.1268,-70.8738,43,68,70,38
346,Point,43.1269,-70.8738,43,69,70,38
347,Point,43.127,-70.8738,43,70,70,38
348,Point,43.1273,-70.8738,43,73,70,38
349,Point,43.1274,-70.8738,43,74,70,38
350,Point,43.1245,-70.8739,43,45,70,39
351,Point,43.1246,-70.8739,43,46,70,39
352,Point,43.1247,-70.8739,43,47,70,39
353,Point,43.1248,-70.8739,43,48,70,39
354,Point,43.1251,-70.8739,43,51,70,39
355,Point,43.1252,-70.8739,43,52,70,39
356,Point,43.1255,-70.8739,43,55,70,39
357,Point,43.1256,-70.8739,43,56,70,39
358,Point,43.1257,-70.8739,43,57,70,39
359,Point,43.1258,-70.8739,43,58,70,39
360,Point,43.1259,-70.8739,43,59,70,39
361,Point,43.126,-70.8739,43,60,70,39
362,Point,43.1261,-70.8739,43,61,70,39
363,Point,43.1262,-70.8739,43,62,70,39
364,Point,43.1263,-70.8739,43,63,70,39
365,Point,43.1264,-70.8739,43,64,70,39
366,Point,43.1265,-70.8739,43,65,70,39
367,Point,43.1266,-70.8739,43,66,70,39
368,Point,43.1267,-70.8739,43,67,70,39
369,Point,43.1268,-70.8739,43,68,70,39
370,Point,43.1269,-70.8739,43,69,70,39
371,Point,43.127,-70.8739,43,70,70,39
372,Point,43.1273,-70.8739,43,73,70,39
373,Point,43.1274,-70.8739,43,74,70,39
374,Point,43.1246,-70.874,43,46,70,40
375,Point,43.1247,-70.874,43,47,70,40
376,Point,43.1248,-70.874,43,48,70,40
377,Point,43.1255,-70.874,43,55,70,40
378,Point,43.1256,-70.874,43,56,70,40
379,Point,43.1257,-70.874,43,57,70,40
380,Point,43.1258,-70.874,43,58,70,40
381,Point,43.1259,-70.874,43,59,70,40
382,Point,43.126,-70.874,43,60,70,40
383,Point,43.1261,-70.874,43,61,70,40
384,Point,43.1262,-70.874,43,62,70,40
385,Point,43.1263,-70.874,43,63,70,40
386,Point,43.1264,-70.874,43,64,70,40
387,Point,43.1265,-70.874,43,65,70,40
388,Point,43.1266,-70.874,43,66,70,40
389,Point,43.1267,-70.874,43,67,70,40
390,Point,43.1268,-70.874,43,68,70,40
391,Point,43.1269,-70.874,43,69,70,40
392,Point,43.127,-70.874,43,70,70,40
393,Point,43.1271,-70.874,43,71,70,40
394,Point,43.1272,-70.874,43,72,70,40
395,Point,43.1273,-70.874,43,73,70,40
396,Point,43.1274,-70.874,43,74,70,40
397,Point,43.1275,-70.874,43,75,70,40
398,Point,43.1276,-70.874,43,76,70,40
399,Point,43.1277,-70.874,43,77,70,40
400,Point,43.1278,-70.874,43,78,70,40
401,Point,43.1246,-70.8741,43,46,70,41
402,Point,43.1247,-70.8741,43,47,70,41
403,Point,43.1248,-70.8741,43,48,70,41
404,Point,43.1255,-70.8741,43,55,70,41
405,Point,43.1256,-70.8741,43,56,70,41
406,Point,43.1257,-70.8741,43,57,70,41
407,Point,43.1258,-70.8741,43,58,70,41
408,Point,43.1259,-70.8741,43,59,70,41
409,Point,43.126,-70.8741,43,60,70,41
410,Point,43.1261,-70.8741,43,61,70,41
411,Point,43.1262,-70.8741,43,62,70,41
412,Point,43.1263,-70.8741,43,63,70,41
413,Point,43.1264,-70.8741,43,64,70,41
414,Point,43.1265,-70.8741,43,65,70,41
415,Point,43.1266,-70.8741,43,66,70,41
416,Point,43.1267,-70.8741,43,67,70,41
417,Point,43.1268,-70.8741,43,68,70,41
418,Point,43.1269,-70.8741,43,69,70,41
419,Point,43.127,-70.8741,43,70,70,41
420,Point,43.1271,-70.8741,43,71,70,41
421,Point,43.1272,-70.8741,43,72,70,41
422,Point,43.1273,-70.8741,43,73,70,41
423,Point,43.1274,-70.8741,43,74,70,41
424,Point,43.1275,-70.8741,43,75,70,41
425,Point,43.1276,-70.8741,43,76,70,41
426,Point,43.1277,-70.8741,43,77,70,41
427,Point,43.1278,-70.8741,43,78,70,41
428,Point,43.1246,-70.8742,43,46,70,42
429,Point,43.1247,-70.8742,43,47,70,42
430,Point,43.1248,-70.8742,43,48,70,42
431,Point,43.1255,-70.8742,43,55,70,42
432,Point,43.1256,-70.8742,43,56,70,42
433,Point,43.1257,-70.8742,43,57,70,42
434,Point,43.1258,-70.8742,43,58,70,42
435,Point,43.1259,-70.8742,43,59,70,42
436,Point,43.126,-70.8742,43,60,70,42
437,Point,43.1261,-70.8742,43,61,70,42
438,Point,43.1262,-70.8742,43,62,70,42
439,Point,43.1263,-70.8742,43,63,70,42
440,Point,43.1264,-70.8742,43,64,70,42
441,Point,43.1265,-70.8742,43,65,70,42
442,Point,43.1266,-70.8742,43,66,70,42
443,Point,43.1267,-70.8742,43,67,70,42
444,Point,43.1268,-70.8742,43,68,70,42
445,Point,43.1269,-70.8742,43,69,70,42
446,Point,43.127,-70.8742,43,70,70,42
447,Point,43.1271,-70.8742,43,71,70,42
448,Point,43.1272,-70.8742,43,72,70,42
449,Point,43.1273,-70.8742,43,73,70,42
450,Point,43.1274,-70.8742,43,74,70,42
451,Point,43.1275,-70.8742,43,75,70,42
452,Point,43.1276,-70.8742,43,76,70,42
453,Point,43.1277,-70.8742,43,77,70,42
454,Point,43.1278,-70.8742,43,78,70,42
455,Point,43.1243,-70.8743,43,43,70,43
456,Point,43.1244,-70.8743,43,44,70,43
457,Point,43.1245,-70.8743,43,45,70,43
458,Point,43.1246,-70.8743,43,46,70,43
459,Point,43.1247,-70.8743,43,47,70,43
460,Point,43.1248,-70.8743,43,48,70,43
461,Point,43.1251,-70.8743,43,51,70,43
462,Point,43.1252,-70.8743,43,52,70,43
463,Point,43.1253,-70.8743,43,53,70,43
464,Point,43.1254,-70.8743,43,54,70,43
465,Point,43.1255,-70.8743,43,55,70,43
466,Point,43.1256,-70.8743,43,56,70,43
467,Point,43.1257,-70.8743,43,57,70,43
468,Point,43.1258,-70.8743,43,58,70,43
469,Point,43.1259,-70.8743,43,59,70,43
470,Point,43.126,-70.8743,43,60,70,43
471,Point,43.1261,-70.8743,43,61,70,43
472,Point,43.1262,-70.8743,43,62,70,43
473,Point,43.1263,-70.8743,43,63,70,43
474,Point,43.1264,-70.8743,43,64,70,43
475,Point,43.1265,-70.8743,43,65,70,43
476,Point,43.1266,-70.8743,43,66,70,43
477,Point,43.1267,-70.8743,43,67,70,43
478,Point,43.1268,-70.8743,43,68,70,43
479,Point,43.1269,-70.8743,43,69,70,43
480,Point,43.127,-70.8743,43,70,70,43
481,Point,43.1271,-70.8743,43,71,70,43
482,Point,43.1272,-70.8743,43,72,70,43
483,Point,43.1273,-70.8743,43,73,70,43
484,Point,43.1274,-70.8743,43,74,70,43
485,Point,43.1275,-70.8743,43,75,70,43
486,Point,43.1276,-70.8743,43,76,70,43
487,Point,43.1277,-70.8743,43,77,70,43
488,Point,43.1278,-70.8743,43,78,70,43
489,Point,43.1279,-70.8743,43,79,70,43
490,Point,43.128,-70.8743,43,80,70,43
491,Point,43.1281,-70.8743,43,81,70,43
492,Point,43.1282,-70.8743,43,82,70,43
493,Point,43.1244,-70.8744,43,44,70,44
494,Point,43.1245,-70.8744,43,45,70,44
495,Point,43.1246,-70.8744,43,46,70,44
496,Point,43.1247,-70.8744,43,47,70,44
497,Point,43.1248,-70.8744,43,48,70,44
498,Point,43.1251,-70.8744,43,51,70,44
499,Point,43.1252,-70.8744,43,52,70,44
500,Point,43.1253,-70.8744,43,53,70,44
501,Point,43.1254,-70.8744,43,54,70,44
502,Point,43.1255,-70.8744,43,55,70,44
503,Point,43.1256,-70.8744,43,56,70,44
504,Point,43.1257,-70.8744,43,57,70,44
505,Point,43.1258,-70.8744,43,58,70,44
506,Point,43.1259,-70.8744,43,59,70,44
507,Point,43.126,-70.8744,43,60,70,44
508,Point,43.1261,-70.8744,43,61,70,44
509,Point,43.1262,-70.8744,43,62,70,44
510,Point,43.1263,-70.8744,43,63,70,44
511,Point,43.1264,-70.8744,43,64,70,44
512,Point,43.1265,-70.8744,43,65,70,44
513,Point,43.1266,-70.8744,43,66,70,44
514,Point,43.1267,-70.8744,43,67,70,44
515,Point,43.1268,-70.8744,43,68,70,44
516,Point,43.1269,-70.8744,43,69,70,44
517,Point,43.127,-70.8744,43,70,70,44
518,Point,43.1271,-70.8744,43,71,70,44
519,Point,43.1272,-70.8744,43,72,70,44
520,Point,43.1273,-70.8744,43,73,70,44
521,Point,43.1274,-70.8744,43,74,70,44
522,Point,43.1275,-70.8744,43,75,70,44
523,Point,43.1276,-70.8744,43,76,70,44
524,Point,43.1277,-70.8744,43,77,70,44
525,Point,43.1278,-70.8744,43,78,70,44
526,Point,43.1279,-70.8744,43,79,70,44
527,Point,43.128,-70.8744,43,80,70,44
528,Point,43.1281,-70.8744,43,81,70,44
529,Point,43.1282,-70.8744,43,82,70,44
530,Point,43.1246,-70.8745,43,46,70,45
531,Point,43.1251,-70.8745,43,51,70,45
532,Point,43.1252,-70.8745,43,52,70,45
533,Point,43.1253,-70.8745,43,53,70,45
534,Point,43.1254,-70.8745,43,54,70,45
535,Point,43.1255,-70.8745,43,55,70,45
536,Point,43.1256,-70.8745,43,56,70,45
537,Point,43.1257,-70.8745,43,57,70,45
538,Point,43.1258,-70.8745,43,58,70,45
539,Point,43.1259,-70.8745,43,59,70,45
540,Point,43.126,-70.8745,43,60,70,45
541,Point,43.1261,-70.8745,43,61,70,45
542,Point,43.1262,-70.8745,43,62,70,45
543,Point,43.1263,-70.8745,43,63,70,45
544,Point,43.1264,-70.8745,43,64,70,45
545,Point,43.1265,-70.8745,43,65,70,45
546,Point,43.1266,-70.8745,43,66,70,45
547,Point,43.1267,-70.8745,43,67,70,45
548,Point,43.1268,-70.8745,43,68,70,45
549,Point,43.1269,-70.8745,43,69,70,45
550,Point,43.127,-70.8745,43,70,70,45
551,Point,43.1271,-70.8745,43,71,70,45
552,Point,43.1272,-70.8745,43,72,70,45
553,Point,43.1273,-70.8745,43,73,70,45
554,Point,43.1274,-70.8745,43,74,70,45
555,Point,43.1275,-70.8745,43,75,70,45
556,Point,43.1276,-70.8745,43,76,70,45
557,Point,43.1277,-70.8745,43,77,70,45
558,Point,43.1278,-70.8745,43,78,70,45
559,Point,43.1279,-70.8745,43,79,70,45
560,Point,43.128,-70.8745,43,80,70,45
561,Point,43.1281,-70.8745,43,81,70,45
562,Point,43.1282,-70.8745,43,82,70,45
563,Point,43.1246,-70.8746,43,46,70,46
564,Point,43.1251,-70.8746,43,51,70,46
565,Point,43.1252,-70.8746,43,52,70,46
566,Point,43.1253,-70.8746,43,53,70,46
567,Point,43.1254,-70.8746,43,54,70,46
568,Point,43.1255,-70.8746,43,55,70,46
569,Point,43.1256,-70.8746,43,56,70,46
570,Point,43.1257,-70.8746,43,57,70,46
571,Point,43.1258,-70.8746,43,58,70,46
572,Point,43.1259,-70.8746,43,59,70,46
573,Point,43.126,-70.8746,43,60,70,46
574,Point,43.1261,-70.8746,43,61,70,46
575,Point,43.1262,-70.8746,43,62,70,46
576,Point,43.1263,-70.8746,43,63,70,46
577,Point,43.1264,-70.8746,43,64,70,46
578,Point,43.1265,-70.8746,43,65,70,46
579,Point,43.1266,-70.8746,43,66,70,46
580,Point,43.1267,-70.8746,43,67,70,46
581,Point,43.1268,-70.8746,43,68,70,46
582,Point,43.1269,-70.8746,43,69,70,46
583,Point,43.127,-70.8746,43,70,70,46
584,Point,43.1271,-70.8746,43,71,70,46
585,Point,43.1272,-70.8746,43,72,70,46
586,Point,43.1273,-70.8746,43,73,70,46
587,Point,43.1274,-70.8746,43,74,70,46
588,Point,43.1275,-70.8746,43,75,70,46
589,Point,43.1276,-70.8746,43,76,70,46
590,Point,43.1277,-70.8746,43,77,70,46
591,Point,43.1278,-70.8746,43,78,70,46
592,Point,43.1279,-70.8746,43,79,70,46
593,Point,43.128,-70.8746,43,80,70,46
594,Point,43.1281,-70.8746,43,81,70,46
595,Point,43.1282,-70.8746,43,82,70,46
596,Point,43.1246,-70.8747,43,46,70,47
597,Point,43.1251,-70.8747,43,51,70,47
598,Point,43.1252,-70.8747,43,52,70,47
599,Point,43.1253,-70.8747,43,53,70,47
600,Point,43.1254,-70.8747,43,54,70,47
601,Point,43.1255,-70.8747,43,55,70,47
602,Point,43.1256,-70.8747,43,56,70,47
603,Point,43.1257,-70.8747,43,57,70,47
604,Point,43.1258,-70.8747,43,58,70,47
605,Point,43.1259,-70.8747,43,59,70,47
606,Point,43.126,-70.8747,43,60,70,47
607,Point,43.1261,-70.8747,43,61,70,47
608,Point,43.1262,-70.8747,43,62,70,47
609,Point,43.1263,-70.8747,43,63,70,47
610,Point,43.1264,-70.8747,43,64,70,47
611,Point,43.1265,-70.8747,43,65,70,47
612,Point,43.1266,-70.8747,43,66,70,47
613,Point,43.1267,-70.8747,43,67,70,47
614,Point,43.1268,-70.8747,43,68,70,47
615,Point,43.1269,-70.8747,43,69,70,47
616,Point,43.127,-70.8747,43,70,70,47
617,Point,43.1271,-70.8747,43,71,70,47
618,Point,43.1272,-70.8747,43,72,70,47
619,Point,43.1273,-70.8747,43,73,70,47
620,Point,43.1274,-70.8747,43,74,70,47
621,Point,43.1275,-70.8747,43,75,70,47
622,Point,43.1276,-70.8747,43,76,70,47
623,Point,43.1277,-70.8747,43,77,70,47
624,Point,43.1278,-70.8747,43,78,70,47
625,Point,43.1279,-70.8747,43,79,70,47
626,Point,43.128,-70.8747,43,80,70,47
627,Point,43.1281,-70.8747,43,81,70,47
628,Point,43.1282,-70.8747,43,82,70,47
629,Point,43.1246,-70.8748,43,46,70,48
630,Point,43.1249,-70.8748,43,49,70,48
631,Point,43.125,-70.8748,43,50,70,48
632,Point,43.1251,-70.8748,43,51,70,48
633,Point,43.1252,-70.8748,43,52,70,48
634,Point,43.1253,-70.8748,43,53,70,48
635,Point,43.1254,-70.8748,43,54,70,48
636,Point,43.1255,-70.8748,43,55,70,48
637,Point,43.1256,-70.8748,43,56,70,48
638,Point,43.1257,-70.8748,43,57,70,48
639,Point,43.1258,-70.8748,43,58,70,48
640,Point,43.1259,-70.8748,43,59,70,48
641,Point,43.126,-70.8748,43,60,70,48
642,Point,43.1261,-70.8748,43,61,70,48
643,Point,43.1262,-70.8748,43,62,70,48
644,Point,43.1263,-70.8748,43,63,70,48
645,Point,43.1264,-70.8748,43,64,70,48
646,Point,43.1265,-70.8748,43,65,70,48
647,Point,43.1266,-70.8748,43,66,70,48
648,Point,43.1267,-70.8748,43,67,70,48
649,Point,43.1268,-70.8748,43,68,70,48
650,Point,43.1269,-70.8748,43,69,70,48
651,Point,43.127,-70.8748,43,70,70,48
652,Point,43.1271,-70.8748,43,71,70,48
653,Point,43.1272,-70.8748,43,72,70,48
654,Point,43.1273,-70.8748,43,73,70,48
655,Point,43.1274,-70.8748,43,74,70,48
656,Point,43.1275,-70.8748,43,75,70,48
657,Point,43.1276,-70.8748,43,76,70,48
658,Point,43.1277,-70.8748,43,77,70,48
659,Point,43.1278,-70.8748,43,78,70,48
660,Point,43.1279,-70.8748,43,79,70,48
661,Point,43.128,-70.8748,43,80,70,48
662,Point,43.1281,-70.8748,43,81,70,48
663,Point,43.1282,-70.8748,43,82,70,48
664,Point,43.1249,-70.8749,43,49,70,49
665,Point,43.125,-70.8749,43,50,70,49
666,Point,43.1251,-70.8749,43,51,70,49
667,Point,43.1252,-70.8749,43,52,70,49
668,Point,43.1253,-70.8749,43,53,70,49
669,Point,43.1254,-70.8749,43,54,70,49
670,Point,43.1255,-70.8749,43,55,70,49
671,Point,43.1256,-70.8749,43,56,70,49
672,Point,43.1257,-70.8749,43,57,70,49
673,Point,43.1258,-70.8749,43,58,70,49
674,Point,43.1259,-70.8749,43,59,70,49
675,Point,43.126,-70.8749,43,60,70,49
676,Point,43.1261,-70.8749,43,61,70,49
677,Point,43.1262,-70.8749,43,62,70,49
678,Point,43.1263,-70.8749,43,63,70,49
679,Point,43.1264,-70.8749,43,64,70,49
680,Point,43.1265,-70.8749,43,65,70,49
681,Point,43.1266,-70.8749,43,66,70,49
682,Point,43.1267,-70.8749,43,67,70,49
683,Point,43.1268,-70.8749,43,68,70,49
684,Point,43.1269,-70.8749,43,69,70,49
685,Point,43.127,-70.8749,43,70,70,49
686,Point,43.1271,-70.8749,43,71,70,49
687,Point,43.1272,-70.8749,43,72,70,49
688,Point,43.1273,-70.8749,43,73,70,49
689,Point,43.1274,-70.8749,43,74,70,49
690,Point,43.1275,-70.8749,43,75,70,49
691,Point,43.1276,-70.8749,43,76,70,49
692,Point,43.1277,-70.8749,43,77,70,49
693,Point,43.1278,-70.8749,43,78,70,49
694,Point,43.1279,-70.8749,43,79,70,49
695,Point,43.128,-70.8749,43,80,70,49
696,Point,43.1281,-70.8749,43,81,70,49
697,Point,43.1282,-70.8749,43,82,70,49
698,Point,43.1249,-70.875,43,49,70,50
699,Point,43.125,-70.875,43,50,70,50
700,Point,43.1251,-70.875,43,51,70,50
701,Point,43.1252,-70.875,43,52,70,50
702,Point,43.1253,-70.875,43,53,70,50
703,Point,43.1254,-70.875,43,54,70,50
704,Point,43.1255,-70.875,43,55,70,50
705,Point,43.1256,-70.875,43,56,70,50
706,Point,43.1257,-70.875,43,57,70,50
707,Point,43.1258,-70.875,43,58,70,50
708,Point,43.1259,-70.875,43,59,70,50
709,Point,43.126,-70.875,43,60,70,50
710,Point,43.1261,-70.875,43,61,70,50
711,Point,43.1262,-70.875,43,62,70,50
712,Point,43.1263,-70.875,43,63,70,50
713,Point,43.1264,-70.875,43,64,70,50
714,Point,43.1265,-70.875,43,65,70,50
715,Point,43.1266,-70.875,43,66,70,50
716,Point,43.1267,-70.875,43,67,70,50
717,Point,43.1268,-70.875,43,68,70,50
718,Point,43.1269,-70.875,43,69,70,50
719,Point,43.127,-70.875,43,70,70,50
720,Point,43.1271,-70.875,43,71,70,50
721,Point,43.1272,-70.875,43,72,70,50
722,Point,43.1273,-70.875,43,73,70,50
723,Point,43.1274,-70.875,43,74,70,50
724,Point,43.1275,-70.875,43,75,70,50
725,Point,43.1276,-70.875,43,76,70,50
726,Point,43.1277,-70.875,43,77,70,50
727,Point,43.1278,-70.875,43,78,70,50
728,Point,43.1279,-70.875,43,79,70,50
729,Point,43.128,-70.875,43,80,70,50
730,Point,43.1281,-70.875,43,81,70,50
731,Point,43.1282,-70.875,43,82,70,50
732,Point,43.1249,-70.8751,43,49,70,51
733,Point,43.125,-70.8751,43,50,70,51
734,Point,43.1251,-70.8751,43,51,70,51
735,Point,43.1252,-70.8751,43,52,70,51
736,Point,43.1253,-70.8751,43,53,70,51
737,Point,43.1254,-70.8751,43,54,70,51
738,Point,43.1255,-70.8751,43,55,70,51
739,Point,43.1256,-70.8751,43,56,70,51
740,Point,43.1257,-70.8751,43,57,70,51
741,Point,43.1258,-70.8751,43,58,70,51
742,Point,43.1259,-70.8751,43,59,70,51
743,Point,43.126,-70.8751,43,60,70,51
744,Point,43.1261,-70.8751,43,61,70,51
745,Point,43.1262,-70.8751,43,62,70,51
746,Point,43.1263,-70.8751,43,63,70,51
747,Point,43.1264,-70.8751,43,64,70,51
748,Point,43.1265,-70.8751,43,65,70,51
749,Point,43.1266,-70.8751,43,66,70,51
750,Point,43.1267,-70.8751,43,67,70,51
751,Point,43.1268,-70.8751,43,68,70,51
752,Point,43.1269,-70.8751,43,69,70,51
753,Point,43.127,-70.8751,43,70,70,51
754,Point,43.1271,-70.8751,43,71,70,51
755,Point,43.1272,-70.8751,43,72,70,51
756,Point,43.1273,-70.8751,43,73,70,51
757,Point,43.1274,-70.8751,43,74,70,51
758,Point,43.1275,-70.8751,43,75,70,51
759,Point,43.1276,-70.8751,43,76,70,51
760,Point,43.1277,-70.8751,43,77,70,51
761,Point,43.1278,-70.8751,43,78,70,51
762,Point,43.1279,-70.8751,43,79,70,51
763,Point,43.128,-70.8751,43,80,70,51
764,Point,43.1299,-70.8751,43,99,70,51
765,Point,43.1249,-70.8752,43,49,70,52
766,Point,43.125,-70.8752,43,50,70,52
767,Point,43.1251,-70.8752,43,51,70,52
768,Point,43.1252,-70.8752,43,52,70,52
769,Point,43.1253,-70.8752,43,53,70,52
770,Point,43.1254,-70.8752,43,54,70,52
771,Point,43.1255,-70.8752,43,55,70,52
772,Point,43.1256,-70.8752,43,56,70,52
773,Point,43.1257,-70.8752,43,57,70,52
774,Point,43.1258,-70.8752,43,58,70,52
775,Point,43.1259,-70.8752,43,59,70,52
776,Point,43.126,-70.8752,43,60,70,52
777,Point,43.1261,-70.8752,43,61,70,52
778,Point,43.1262,-70.8752,43,62,70,52
779,Point,43.1263,-70.8752,43,63,70,52
780,Point,43.1264,-70.8752,43,64,70,52
781,Point,43.1265,-70.8752,43,65,70,52
782,Point,43.1266,-70.8752,43,66,70,52
783,Point,43.1267,-70.8752,43,67,70,52
784,Point,43.1268,-70.8752,43,68,70,52
785,Point,43.1269,-70.8752,43,69,70,52
786,Point,43.127,-70.8752,43,70,70,52
787,Point,43.1271,-70.8752,43,71,70,52
788,Point,43.1272,-70.8752,43,72,70,52
789,Point,43.1273,-70.8752,43,73,70,52
790,Point,43.1274,-70.8752,43,74,70,52
791,Point,43.1275,-70.8752,43,75,70,52
792,Point,43.1276,-70.8752,43,76,70,52
793,Point,43.1277,-70.8752,43,77,70,52
794,Point,43.1278,-70.8752,43,78,70,52
795,Point,43.1279,-70.8752,43,79,70,52
796,Point,43.128,-70.8752,43,80,70,52
797,Point,43.1299,-70.8752,43,99,70,52
798,Point,43.1251,-70.8753,43,51,70,53
799,Point,43.1252,-70.8753,43,52,70,53
800,Point,43.1255,-70.8753,43,55,70,53
801,Point,43.1256,-70.8753,43,56,70,53
802,Point,43.1257,-70.8753,43,57,70,53
803,Point,43.1258,-70.8753,43,58,70,53
804,Point,43.1259,-70.8753,43,59,70,53
805,Point,43.126,-70.8753,43,60,70,53
806,Point,43.1261,-70.8753,43,61,70,53
807,Point,43.1262,-70.8753,43,62,70,53
808,Point,43.1263,-70.8753,43,63,70,53
809,Point,43.1264,-70.8753,43,64,70,53
810,Point,43.1265,-70.8753,43,65,70,53
811,Point,43.1266,-70.8753,43,66,70,53
812,Point,43.1267,-70.8753,43,67,70,53
813,Point,43.1268,-70.8753,43,68,70,53
814,Point,43.1269,-70.8753,43,69,70,53
815,Point,43.127,-70.8753,43,70,70,53
816,Point,43.1271,-70.8753,43,71,70,53
817,Point,43.1272,-70.8753,43,72,70,53
818,Point,43.1273,-70.8753,43,73,70,53
819,Point,43.1274,-70.8753,43,74,70,53
820,Point,43.1275,-70.8753,43,75,70,53
821,Point,43.1276,-70.8753,43,76,70,53
822,Point,43.1277,-70.8753,43,77,70,53
823,Point,43.1278,-70.8753,43,78,70,53
824,Point,43.1279,-70.8753,43,79,70,53
825,Point,43.128,-70.8753,43,80,70,53
826,Point,43.1297,-70.8753,43,97,70,53
827,Point,43.1298,-70.8753,43,98,70,53
828,Point,43.1299,-70.8753,43,99,70,53
829,Point,43.1251,-70.8754,43,51,70,54
830,Point,43.1252,-70.8754,43,52,70,54
831,Point,43.1255,-70.8754,43,55,70,54
832,Point,43.1256,-70.8754,43,56,70,54
833,Point,43.1257,-70.8754,43,57,70,54
834,Point,43.1258,-70.8754,43,58,70,54
835,Point,43.1259,-70.8754,43,59,70,54
836,Point,43.126,-70.8754,43,60,70,54
837,Point,43.1261,-70.8754,43,61,70,54
838,Point,43.1262,-70.8754,43,62,70,54
839,Point,43.1263,-70.8754,43,63,70,54
840,Point,43.1264,-70.8754,43,64,70,54
841,Point,43.1265,-70.8754,43,65,70,54
842,Point,43.1266,-70.8754,43,66,70,54
843,Point,43.1267,-70.8754,43,67,70,54
844,Point,43.1268,-70.8754,43,68,70,54
845,Point,43.1269,-70.8754,43,69,70,54
846,Point,43.127,-70.8754,43,70,70,54
847,Point,43.1271,-70.8754,43,71,70,54
848,Point,43.1272,-70.8754,43,72,70,54
849,Point,43.1273,-70.8754,43,73,70,54
850,Point,43.1274,-70.8754,43,74,70,54
851,Point,43.1275,-70.8754,43,75,70,54
852,Point,43.1276,-70.8754,43,76,70,54
853,Point,43.1277,-70.8754,43,77,70,54
854,Point,43.1278,-70.8754,43,78,70,54
855,Point,43.1279,-70.8754,43,79,70,54
856,Point,43.128,-70.8754,43,80,70,54
857,Point,43.1297,-70.8754,43,97,70,54
858,Point,43.1298,-70.8754,43,98,70,54
859,Point,43.1299,-70.8754,43,99,70,54
860,Point,43.1251,-70.8755,43,51,70,55
861,Point,43.1252,-70.8755,43,52,70,55
862,Point,43.1255,-70.8755,43,55,70,55
863,Point,43.1256,-70.8755,43,56,70,55
864,Point,43.1257,-70.8755,43,57,70,55
865,Point,43.1258,-70.8755,43,58,70,55
866,Point,43.1259,-70.8755,43,59,70,55
867,Point,43.126,-70.8755,43,60,70,55
868,Point,43.1261,-70.8755,43,61,70,55
869,Point,43.1262,-70.8755,43,62,70,55
870,Point,43.1263,-70.8755,43,63,70,55
871,Point,43.1264,-70.8755,43,64,70,55
872,Point,43.1265,-70.8755,43,65,70,55
873,Point,43.1266,-70.8755,43,66,70,55
874,Point,43.1267,-70.8755,43,67,70,55
875,Point,43.1268,-70.8755,43,68,70,55
876,Point,43.1269,-70.8755,43,69,70,55
877,Point,43.127,-70.8755,43,70,70,55
878,Point,43.1271,-70.8755,43,71,70,55
879,Point,43.1272,-70.8755,43,72,70,55
880,Point,43.1273,-70.8755,43,73,70,55
881,Point,43.1274,-70.8755,43,74,70,55
882,Point,43.1275,-70.8755,43,75,70,55
883,Point,43.1276,-70.8755,43,76,70,55
884,Point,43.1277,-70.8755,43,77,70,55
885,Point,43.1278,-70.8755,43,78,70,55
886,Point,43.1279,-70.8755,43,79,70,55
887,Point,43.128,-70.8755,43,80,70,55
888,Point,43.1297,-70.8755,43,97,70,55
889,Point,43.1298,-70.8755,43,98,70,55
890,Point,43.1299,-70.8755,43,99,70,55
891,Point,43.1255,-70.8756,43,55,70,56
892,Point,43.1256,-70.8756,43,56,70,56
893,Point,43.1257,-70.8756,43,57,70,56
894,Point,43.1258,-70.8756,43,58,70,56
895,Point,43.1259,-70.8756,43,59,70,56
896,Point,43.126,-70.8756,43,60,70,56
897,Point,43.1261,-70.8756,43,61,70,56
898,Point,43.1262,-70.8756,43,62,70,56
899,Point,43.1263,-70.8756,43,63,70,56
900,Point,43.1264,-70.8756,43,64,70,56
901,Point,43.1265,-70.8756,43,65,70,56
902,Point,43.1266,-70.8756,43,66,70,56
903,Point,43.1267,-70.8756,43,67,70,56
904,Point,43.1268,-70.8756,43,68,70,56
905,Point,43.1271,-70.8756,43,71,70,56
906,Point,43.1272,-70.8756,43,72,70,56
907,Point,43.1273,-70.8756,43,73,70,56
908,Point,43.1274,-70.8756,43,74,70,56
909,Point,43.1275,-70.8756,43,75,70,56
910,Point,43.1276,-70.8756,43,76,70,56
911,Point,43.1277,-70.8756,43,77,70,56
912,Point,43.1278,-70.8756,43,78,70,56
913,Point,43.1279,-70.8756,43,79,70,56
914,Point,43.128,-70.8756,43,80,70,56
915,Point,43.1297,-70.8756,43,97,70,56
916,Point,43.1298,-70.8756,43,98,70,56
917,Point,43.1299,-70.8756,43,99,70,56
918,Point,43.1255,-70.8757,43,55,70,57
919,Point,43.1256,-70.8757,43,56,70,57
920,Point,43.1257,-70.8757,43,57,70,57
921,Point,43.1258,-70.8757,43,58,70,57
922,Point,43.1259,-70.8757,43,59,70,57
923,Point,43.126,-70.8757,43,60,70,57
924,Point,43.1261,-70.8757,43,61,70,57
925,Point,43.1262,-70.8757,43,62,70,57
926,Point,43.1263,-70.8757,43,63,70,57
927,Point,43.1264,-70.8757,43,64,70,57
928,Point,43.1265,-70.8757,43,65,70,57
929,Point,43.1266,-70.8757,43,66,70,57
930,Point,43.1267,-70.8757,43,67,70,57
931,Point,43.1268,-70.8757,43,68,70,57
932,Point,43.1271,-70.8757,43,71,70,57
933,Point,43.1272,-70.8757,43,72,70,57
934,Point,43.1273,-70.8757,43,73,70,57
935,Point,43.1274,-70.8757,43,74,70,57
936,Point,43.1275,-70.8757,43,75,70,57
937,Point,43.1276,-70.8757,43,76,70,57
938,Point,43.1277,-70.8757,43,77,70,57
939,Point,43.1278,-70.8757,43,78,70,57
940,Point,43.1279,-70.8757,43,79,70,57
941,Point,43.128,-70.8757,43,80,70,57
942,Point,43.1297,-70.8757,43,97,70,57
943,Point,43.1298,-70.8757,43,98,70,57
944,Point,43.1299,-70.8757,43,99,70,57
945,Point,43.1255,-70.8758,43,55,70,58
946,Point,43.1256,-70.8758,43,56,70,58
947,Point,43.1257,-70.8758,43,57,70,58
948,Point,43.1258,-70.8758,43,58,70,58
949,Point,43.1259,-70.8758,43,59,70,58
950,Point,43.126,-70.8758,43,60,70,58
951,Point,43.1261,-70.8758,43,61,70,58
952,Point,43.1262,-70.8758,43,62,70,58
953,Point,43.1263,-70.8758,43,63,70,58
954,Point,43.1264,-70.8758,43,64,70,58
955,Point,43.1265,-70.8758,43,65,70,58
956,Point,43.1266,-70.8758,43,66,70,58
957,Point,43.1267,-70.8758,43,67,70,58
958,Point,43.1268,-70.8758,43,68,70,58
959,Point,43.1271,-70.8758,43,71,70,58
960,Point,43.1272,-70.8758,43,72,70,58
961,Point,43.1273,-70.8758,43,73,70,58
962,Point,43.1274,-70.8758,43,74,70,58
963,Point,43.1275,-70.8758,43,75,70,58
964,Point,43.1276,-70.8758,43,76,70,58
965,Point,43.1277,-70.8758,43,77,70,58
966,Point,43.1278,-70.8758,43,78,70,58
967,Point,43.1279,-70.8758,43,79,70,58
968,Point,43.128,-70.8758,43,80,70,58
969,Point,43.1297,-70.8758,43,97,70,58
970,Point,43.1298,-70.8758,43,98,70,58
971,Point,43.1299,-70.8758,43,99,70,58
972,Point,43.1259,-70.8759,43,59,70,59
973,Point,43.126,-70.8759,43,60,70,59
974,Point,43.1261,-70.8759,43,61,70,59
975,Point,43.1262,-70.8759,43,62,70,59
976,Point,43.1263,-70.8759,43,63,70,59
977,Point,43.1264,-70.8759,43,64,70,59
978,Point,43.1265,-70.8759,43,65,70,59
979,Point,43.1266,-70.8759,43,66,70,59
980,Point,43.1267,-70.8759,43,67,70,59
981,Point,43.1268,-70.8759,43,68,70,59
982,Point,43.1275,-70.8759,43,75,70,59
983,Point,43.1276,-70.8759,43,76,70,59
984,Point,43.1277,-70.8759,43,77,70,59
985,Point,43.1278,-70.8759,43,78,70,59
986,Point,43.1279,-70.8759,43,79,70,59
987,Point,43.128,-70.8759,43,80,70,59
988,Point,43.1295,-70.8759,43,95,70,59
989,Point,43.1297,-70.8759,43,97,70,59
990,Point,43.1298,-70.8759,43,98,70,59
991,Point,43.1259,-70.876,43,59,70,60
992,Point,43.126,-70.876,43,60,70,60
993,Point,43.1261,-70.876,43,61,70,60
994,Point,43.1262,-70.876,43,62,70,60
995,Point,43.1263,-70.876,43,63,70,60
996,Point,43.1264,-70.876,43,64,70,60
997,Point,43.1265,-70.876,43,65,70,60
998,Point,43.1266,-70.876,43,66,70,60
999,Point,43.1267,-70.876,43,67,70,60
1000,Point,43.1268,-70.876,43,68,70,60
1001,Point,43.1275,-70.876,43,75,70,60
1002,Point,43.1276,-70.876,43,76,70,60
1003,Point,43.1277,-70.876,43,77,70,60
1004,Point,43.1278,-70.876,43,78,70,60
1005,Point,43.1279,-70.876,43,79,70,60
1006,Point,43.128,-70.876,43,80,70,60
1007,Point,43.1297,-70.876,43,97,70,60
1008,Point,43.1298,-70.876,43,98,70,60
1009,Point,43.1259,-70.8761,43,59,70,61
1010,Point,43.126,-70.8761,43,60,70,61
1011,Point,43.1261,-70.8761,43,61,70,61
1012,Point,43.1262,-70.8761,43,62,70,61
1013,Point,43.1263,-70.8761,43,63,70,61
1014,Point,43.1264,-70.8761,43,64,70,61
1015,Point,43.1265,-70.8761,43,65,70,61
1016,Point,43.1266,-70.8761,43,66,70,61
1017,Point,43.1267,-70.8761,43,67,70,61
1018,Point,43.1268,-70.8761,43,68,70,61
1019,Point,43.1259,-70.8762,43,59,70,62
1020,Point,43.126,-70.8762,43,60,70,62
1021,Point,43.1261,-70.8762,43,61,70,62
1022,Point,43.1262,-70.8762,43,62,70,62
1023,Point,43.1263,-70.8762,43,63,70,62
1024,Point,43.1264,-70.8762,43,64,70,62
1025,Point,43.1265,-70.8762,43,65,70,62
1026,Point,43.1266,-70.8762,43,66,70,62
1027,Point,43.1267,-70.8762,43,67,70,62
1028,Point,43.1268,-70.8762,43,68,70,62
1029,Point,43.1259,-70.8763,43,59,70,63
1030,Point,43.126,-70.8763,43,60,70,63
1031,Point,43.1261,-70.8763,43,61,70,63
1032,Point,43.1262,-70.8763,43,62,70,63
1033,Point,43.1263,-70.8763,43,63,70,63
1034,Point,43.1264,-70.8763,43,64,70,63
1035,Point,43.1265,-70.8763,43,65,70,63
1036,Point,43.1266,-70.8763,43,66,70,63
1037,Point,43.1267,-70.8763,43,67,70,63
1038,Point,43.1268,-70.8763,43,68,70,63
1039,Point,43.1261,-70.8764,43,61,70,64
1040,Point,43.1262,-70.8764,43,62,70,64
1041,Point,43.1263,-70.8764,43,63,70,64
1042,Point,43.1264,-70.8764,43,64,70,64
1043,Point,43.1265,-70.8764,43,65,70,64
1044,Point,43.1266,-70.8764,43,66,70,64
1045,Point,43.1261,-70.8765,43,61,70,65
1046,Point,43.1262,-70.8765,43,62,70,65
1047,Point,43.1263,-70.8765,43,63,70,65
1048,Point,43.1264,-70.8765,43,64,70,65
1049,Point,43.1265,-70.8765,43,65,70,65
1050,Point,43.1266,-70.8765,43,66,70,65
1051,Point,43.1261,-70.8766,43,61,70,66
1052,Point,43.1262,-70.8766,43,62,70,66
1053,Point,43.1263,-70.8766,43,63,70,66
1054,Point,43.1264,-70.8766,43,64,70,66
1055,Point,43.1265,-70.8766,43,65,70,66
1056,Point,43.1266,-70.8766,43,66,70,66
1057,Point,43.1287,-70.878,43,87,70,80
1058,Point,43.1288,-70.878,43,88,70,80
1059,Point,43.1297,-70.878,43,97,70,80
1060,Point,43.1298,-70.878,43,98,70,80
1061,Point,43.1287,-70.8781,43,87,70,81
1062,Point,43.1288,-70.8781,43,88,70,81
1063,Point,43.1297,-70.8781,43,97,70,81
1064,Point,43.1298,-70.8781,43,98,70,81
1065,Point,43.1287,-70.8782,43,87,70,82
1066,Point,43.1288,-70.8782,43,88,70,82
1067,Point,43.1297,-70.8782,43,97,70,82
1068,Point,43.1298,-70.8782,43,98,70,82
1069,Point,43.1288,-70.8783,43,88,70,83
1070,Point,43.1291,-70.8783,43,91,70,83
1071,Point,43.1292,-70.8783,43,92,70,83
1072,Point,43.1293,-70.8783,43,93,70,83
1073,Point,43.1294,-70.8783,43,94,70,83
1074,Point,43.1295,-70.8783,43,95,70,83
1075,Point,43.1296,-70.8783,43,96,70,83
1076,Point,43.1297,-70.8783,43,97,70,83
1077,Point,43.1298,-70.8783,43,98,70,83
1078,Point,43.1288,-70.8784,43,88,70,84
1079,Point,43.1291,-70.8784,43,91,70,84
1080,Point,43.1292,-70.8784,43,92,70,84
1081,Point,43.1293,-70.8784,43,93,70,84
1082,Point,43.1294,-70.8784,43,94,70,84
1083,Point,43.1295,-70.8784,43,95,70,84
1084,Point,43.1296,-70.8784,43,96,70,84
1085,Point,43.1297,-70.8784,43,97,70,84
1086,Point,43.1298,-70.8784,43,98,70,84
1087,Point,43.1291,-70.8785,43,91,70,85
1088,Point,43.1292,-70.8785,43,92,70,85
1089,Point,43.1293,-70.8785,43,93,70,85
1090,Point,43.1294,-70.8785,43,94,70,85
1091,Point,43.1295,-70.8785,43,95,70,85
1092,Point,43.1296,-70.8785,43,96,70,85
1093,Point,43.1297,-70.8785,43,97,70,85
1094,Point,43.1298,-70.8785,43,98,70,85
1095,Point,43.1289,-70.8786,43,89,70,86
1096,Point,43.129,-70.8786,43,90,70,86
1097,Point,43.1291,-70.8786,43,91,70,86
1098,Point,43.1292,-70.8786,43,92,70,86
1099,Point,43.1293,-70.8786,43,93,70,86
1100,Point,43.1294,-70.8786,43,94,70,86
1101,Point,43.1295,-70.8786,43,95,70,86
1102,Point,43.1296,-70.8786,43,96,70,86
1103,Point,43.1297,-70.8786,43,97,70,86
1104,Point,43.1298,-70.8786,43,98,70,86
1105,Point,43.1299,-70.8786,43,99,70,86
1106,Point,43.1289,-70.8787,43,89,70,87
1107,Point,43.129,-70.8787,43,90,70,87
1108,Point,43.1291,-70.8787,43,91,70,87
1109,Point,43.1292,-70.8787,43,92,70,87
1110,Point,43.1293,-70.8787,43,93,70,87
1111,Point,43.1294,-70.8787,43,94,70,87
1112,Point,43.1295,-70.8787,43,95,70,87
1113,Point,43.1296,-70.8787,43,96,70,87
1114,Point,43.1297,-70.8787,43,97,70,87
1115,Point,43.1298,-70.8787,43,98,70,87
1116,Point,43.1299,-70.8787,43,99,70,87
1117,Point,43.1291,-70.8788,43,91,70,88
1118,Point,43.1292,-70.8788,43,92,70,88
1119,Point,43.1293,-70.8788,43,93,70,88
1120,Point,43.1294,-70.8788,43,94,70,88
1121,Point,43.1295,-70.8788,43,95,70,88
1122,Point,43.1296,-70.8788,43,96,70,88
1123,Point,43.1297,-70.8788,43,97,70,88
1124,Point,43.1298,-70.8788,43,98,70,88
1125,Point,43.1299,-70.8788,43,99,70,88
1126,Point,43.1291,-70.8789,43,91,70,89
1127,Point,43.1292,-70.8789,43,92,70,89
1128,Point,43.1293,-70.8789,43,93,70,89
1129,Point,43.1294,-70.8789,43,94,70,89
1130,Point,43.1295,-70.8789,43,95,70,89
1131,Point,43.1296,-70.8789,43,96,70,89
1132,Point,43.1297,-70.8789,43,97,70,89
1133,Point,43.1298,-70.8789,43,98,70,89
1134,Point,43.1299,-70.8789,43,99,70,89
1135,Point,43.1291,-70.879,43,91,70,90
1136,Point,43.1292,-70.879,43,92,70,90
1137,Point,43.1293,-70.879,43,93,70,90
1138,Point,43.1294,-70.879,43,94,70,90
1139,Point,43.1295,-70.879,43,95,70,90
1140,Point,43.1296,-70.879,43,96,70,90
1141,Point,43.1297,-70.879,43,97,70,90
1142,Point,43.1298,-70.879,43,98,70,90
1143,Point,43.1299,-70.879,43,99,70,90
1144,Point,43.1293,-70.8791,43,93,70,91
1145,Point,43.1294,-70.8791,43,94,70,91
1146,Point,43.1295,-70.8791,43,95,70,91
1147,Point,43.1296,-70.8791,43,96,70,91
1148,Point,43.1297,-70.8791,43,97,70,91
1149,Point,43.1298,-70.8791,43,98,70,91
1150,Point,43.1299,-70.8791,43,99,70,91
1151,Point,43.1293,-70.8792,43,93,70,92
1152,Point,43.1294,-70.8792,43,94,70,92
1153,Point,43.1295,-70.8792,43,95,70,92
1154,Point,43.1296,-70.8792,43,96,70,92
1155,Point,43.1297,-70.8792,43,97,70,92
1156,Point,43.1298,-70.8792,43,98,70,92
1157,Point,43.1299,-70.8792,43,99,70,92
1158,Point,43.1294,-70.8793,43,94,70,93
1159,Point,43.1295,-70.8793,43,95,70,93
1160,Point,43.1296,-70.8793,43,96,70,93
1161,Point,43.1297,-70.8793,43,97,70,93
1162,Point,43.1298,-70.8793,43,98,70,93
1163,Point,43.1299,-70.8793,43,99,70,93
1164,Point,43.1297,-70.8794,43,97,70,94
1165,Point,43.1298,-70.8794,43,98,70,94
1166,Point,43.1299,-70.8794,43,99,70,94
1167,Point,43.1297,-70.8795,43,97,70,95
1168,Point,43.1298,-70.8795,43,98,70,95
1169,Point,43.1299,-70.8795,43,99,70,95
1170,Point,43.1297,-70.8796,43,97,70,96
1171,Point,43.1298,-70.8796,43,98,70,96
1172,Point,43.1299,-70.8796,43,99,70,96
1173,Point,43.1297,-70.8797,43,97,70,97
1174,Point,43.1298,-70.8797,43,98,70,97
1175,Point,43.1299,-70.8797,43,99,70,97
1176,Point,43.1297,-70.8798,43,97,70,98
1177,Point,43.1298,-70.8798,43,98,70,98
1178,Point,43.1299,-70.8798,43,99,70,98
1179,Point,43.1297,-70.8799,43,97,70,99
1180,Point,43.1298,-70.8799,43,98,70,99
1181,Point,43.1299,-70.8799,43,99,70,99